Survive,Pclass,Sex,Age,SibSp,Fare
Survived,low,male,elder,Nooffspring,midclass
notSurvived,high,male,elder,Nooffspring,poor
notSurvived,low,male,elder,Nooffspring,midclass
notSurvived,low,male,elder,Nooffspring,midclass
notSurvived,high,male,elder,Nooffspring,poor
notSurvived,mid,male,elder,Nooffspring,poor
notSurvived,low,male,elder,offspring,rich
notSurvived,mid,male,elder,Nooffspring,poor
notSurvived,low,male,elder,Nooffspring,rich
notSurvived,high,male,elder,Nooffspring,poor
notSurvived,low,male,elder,Nooffspring,midclass
notSurvived,low,male,elder,offspring,superrich
notSurvived,low,male,elder,Nooffspring,midclass
Survived,low,female,elder,offspring,rich
Survived,high,female,elder,Nooffspring,poor
notSurvived,low,male,elder,Nooffspring,midclass
notSurvived,low,male,elder,Nooffspring,midclass
Survived,mid,male,elder,Nooffspring,poor
Survived,low,female,elder,Nooffspring,rich
notSurvived,low,male,elder,Nooffspring,midclass
notSurvived,high,male,elder,Nooffspring,poor
notSurvived,low,male,elder,Nooffspring,midclass
Survived,low,female,midage,offspring,rich
Survived,low,male,midage,offspring,rich
notSurvived,mid,male,midage,offspring,midclass
notSurvived,low,male,midage,Nooffspring,midclass
notSurvived,high,male,midage,Nooffspring,poor
notSurvived,mid,male,midage,Nooffspring,poor
Survived,low,female,midage,Nooffspring,midclass
Survived,low,female,midage,Nooffspring,superrich
Survived,low,female,midage,Nooffspring,superrich
notSurvived,low,male,midage,Nooffspring,midclass
notSurvived,low,male,midage,Nooffspring,superrich
notSurvived,mid,male,midage,Nooffspring,poor
notSurvived,mid,female,midage,Nooffspring,poor
notSurvived,low,male,midage,Nooffspring,midclass
notSurvived,low,male,midage,Nooffspring,midclass
Survived,low,male,midage,Nooffspring,midclass
Survived,low,female,midage,Nooffspring,rich
notSurvived,high,male,midage,Nooffspring,poor
Survived,mid,female,midage,Nooffspring,poor
notSurvived,low,male,midage,Nooffspring,midclass
notSurvived,low,male,midage,Nooffspring,rich
notSurvived,low,male,midage,Nooffspring,rich
notSurvived,mid,male,midage,offspring,midclass
notSurvived,mid,male,midage,Nooffspring,poor
Survived,low,female,midage,offspring,rich
Survived,low,female,midage,offspring,rich
notSurvived,mid,male,midage,Nooffspring,midclass
Survived,mid,female,midage,offspring,midclass
Survived,low,female,midage,offspring,rich
notSurvived,low,male,midage,offspring,rich
Survived,low,male,midage,Nooffspring,midclass
Survived,low,female,midage,offspring,rich
notSurvived,mid,male,midage,Nooffspring,poor
notSurvived,mid,male,midage,Nooffspring,poor
Survived,low,female,midage,offspring,rich
notSurvived,mid,male,midage,Nooffspring,poor
notSurvived,low,male,midage,Nooffspring,rich
notSurvived,high,male,midage,Nooffspring,poor
notSurvived,high,male,midage,Nooffspring,poor
notSurvived,high,male,midage,Nooffspring,poor
Survived,low,female,midage,offspring,rich
Survived,low,male,midage,Nooffspring,midclass
notSurvived,low,female,midage,Nooffspring,midclass
Survived,mid,female,midage,Nooffspring,midclass
Survived,low,female,midage,Nooffspring,superrich
notSurvived,low,male,midage,offspring,rich
Survived,mid,female,midage,Nooffspring,poor
notSurvived,high,male,midage,Nooffspring,poor
Survived,mid,female,midage,Nooffspring,poor
notSurvived,low,male,midage,offspring,superrich
Survived,low,male,midage,offspring,superrich
notSurvived,mid,male,midage,Nooffspring,poor
Survived,low,female,midage,offspring,rich
Survived,low,male,midage,offspring,rich
notSurvived,high,male,midage,Nooffspring,poor
Survived,low,male,midage,offspring,rich
notSurvived,low,male,midage,offspring,superrich
Survived,low,female,midage,Nooffspring,midclass
Survived,low,male,midage,Nooffspring,midclass
notSurvived,mid,male,midage,Nooffspring,poor
Survived,low,female,midage,offspring,midclass
Survived,low,male,midage,offspring,rich
Survived,low,male,midage,offspring,rich
notSurvived,high,female,midage,offspring,midclass
Survived,mid,female,midage,offspring,rich
notSurvived,high,male,midage,Nooffspring,poor
Survived,low,female,midage,Nooffspring,midclass
notSurvived,low,male,midage,Nooffspring,rich
notSurvived,high,female,midage,offspring,poor
notSurvived,low,male,midage,Nooffspring,midclass
notSurvived,low,male,midage,Nooffspring,midclass
notSurvived,mid,male,midage,Nooffspring,poor
notSurvived,high,male,midage,Nooffspring,poor
notSurvived,low,male,midage,Nooffspring,midclass
Survived,low,female,midage,offspring,rich
notSurvived,high,male,midage,Nooffspring,poor
notSurvived,low,male,midage,offspring,rich
notSurvived,mid,male,midage,Nooffspring,midclass
notSurvived,low,male,midage,Nooffspring,rich
notSurvived,high,male,midage,Nooffspring,poor
notSurvived,low,male,midage,Nooffspring,midclass
notSurvived,low,male,midage,offspring,rich
notSurvived,high,male,midage,Nooffspring,poor
notSurvived,high,female,midage,offspring,midclass
Survived,low,male,midage,Nooffspring,midclass
notSurvived,high,female,midage,Nooffspring,poor
Survived,high,male,midage,Nooffspring,poor
notSurvived,low,male,midage,Nooffspring,midclass
notSurvived,high,female,midage,Nooffspring,poor
Survived,mid,female,midage,offspring,midclass
notSurvived,low,male,midage,Nooffspring,midclass
Survived,mid,female,midage,Nooffspring,poor
Survived,low,female,midage,offspring,superrich
notSurvived,high,male,midage,Nooffspring,poor
Survived,low,female,midage,Nooffspring,midclass
notSurvived,mid,male,midage,offspring,midclass
notSurvived,low,male,midage,offspring,rich
Survived,high,male,midage,Nooffspring,poor
Survived,low,female,midage,Nooffspring,rich
notSurvived,high,male,midage,Nooffspring,poor
notSurvived,high,male,midage,Nooffspring,poor
notSurvived,mid,female,midage,offspring,midclass
notSurvived,mid,male,midage,offspring,midclass
notSurvived,high,male,midage,Nooffspring,poor
notSurvived,high,female,midage,offspring,midclass
Survived,low,female,midage,Nooffspring,superrich
notSurvived,high,male,midage,Nooffspring,poor
notSurvived,low,male,midage,offspring,rich
notSurvived,mid,male,midage,Nooffspring,poor
notSurvived,high,male,midage,Nooffspring,poor
notSurvived,mid,male,midage,offspring,midclass
Survived,mid,male,midage,Nooffspring,poor
notSurvived,high,male,midage,Nooffspring,poor
Survived,low,female,midage,Nooffspring,superrich
Survived,mid,female,midage,offspring,midclass
Survived,low,male,midage,offspring,rich
notSurvived,high,male,midage,Nooffspring,poor
Survived,low,male,midage,Nooffspring,midclass
notSurvived,high,male,midage,Nooffspring,poor
Survived,mid,female,midage,Nooffspring,poor
notSurvived,high,female,midage,Nooffspring,midclass
Survived,mid,female,midage,Nooffspring,poor
Survived,low,female,midage,Nooffspring,superrich
notSurvived,high,female,midage,Nooffspring,midclass
notSurvived,high,male,midage,Nooffspring,poor
notSurvived,high,male,midage,offspring,poor
notSurvived,high,male,midage,Nooffspring,poor
notSurvived,high,male,midage,Nooffspring,poor
notSurvived,low,male,young,Nooffspring,midclass
notSurvived,high,female,young,offspring,poor
Survived,mid,female,young,Nooffspring,poor
notSurvived,high,male,young,offspring,poor
Survived,low,male,young,Nooffspring,midclass
notSurvived,low,male,young,Nooffspring,poor
Survived,low,female,young,offspring,superrich
Survived,mid,female,young,Nooffspring,poor
notSurvived,high,male,young,offspring,midclass
notSurvived,high,male,young,Nooffspring,poor
Survived,low,female,young,Nooffspring,superrich
notSurvived,high,male,young,Nooffspring,poor
Survived,mid,female,young,offspring,midclass
notSurvived,high,male,young,offspring,midclass
Survived,high,male,young,Nooffspring,poor
notSurvived,high,male,young,Nooffspring,poor
Survived,low,female,young,offspring,rich
Survived,low,female,young,offspring,rich
Survived,low,female,young,offspring,superrich
notSurvived,high,female,young,offspring,midclass
notSurvived,mid,male,young,Nooffspring,midclass
notSurvived,mid,male,young,Nooffspring,poor
notSurvived,low,male,young,Nooffspring,poor
notSurvived,mid,male,young,Nooffspring,poor
notSurvived,high,male,young,Nooffspring,midclass
Survived,low,female,young,offspring,rich
notSurvived,high,female,young,Nooffspring,midclass
Survived,low,female,young,offspring,rich
Survived,high,female,young,offspring,midclass
notSurvived,high,male,young,Nooffspring,poor
Survived,low,male,young,offspring,rich
notSurvived,low,male,young,Nooffspring,superrich
notSurvived,mid,female,young,Nooffspring,poor
notSurvived,high,male,young,Nooffspring,poor
notSurvived,high,male,young,Nooffspring,poor
Survived,low,female,young,Nooffspring,superrich
notSurvived,low,male,young,Nooffspring,poor
notSurvived,high,male,young,offspring,poor
notSurvived,low,male,young,offspring,rich
Survived,low,male,young,offspring,rich
notSurvived,low,male,young,Nooffspring,midclass
notSurvived,high,female,young,Nooffspring,poor
notSurvived,mid,male,young,offspring,midclass
notSurvived,mid,male,young,Nooffspring,midclass
notSurvived,high,male,young,Nooffspring,poor
notSurvived,high,male,young,Nooffspring,poor
notSurvived,mid,male,young,Nooffspring,poor
notSurvived,mid,male,young,Nooffspring,poor
Survived,low,female,young,Nooffspring,superrich
Survived,mid,female,young,Nooffspring,poor
notSurvived,mid,male,young,Nooffspring,poor
Survived,mid,female,young,Nooffspring,poor
Survived,low,male,young,offspring,superrich
notSurvived,mid,male,young,offspring,midclass
Survived,low,male,young,Nooffspring,midclass
Survived,mid,female,young,offspring,midclass
Survived,low,female,young,Nooffspring,rich
Survived,high,female,young,offspring,poor
Survived,low,male,young,Nooffspring,midclass
notSurvived,low,male,young,Nooffspring,midclass
notSurvived,high,male,young,offspring,midclass
notSurvived,high,male,young,offspring,poor
notSurvived,high,male,young,Nooffspring,poor
Survived,low,male,young,Nooffspring,superrich
notSurvived,low,male,young,offspring,rich
Survived,low,female,young,offspring,superrich
Survived,low,female,young,offspring,rich
notSurvived,high,male,young,Nooffspring,poor
notSurvived,mid,male,young,Nooffspring,midclass
Survived,mid,female,young,Nooffspring,midclass
Survived,low,female,young,offspring,rich
Survived,low,female,young,Nooffspring,superrich
Survived,low,female,young,Nooffspring,superrich
Survived,high,female,young,offspring,midclass
notSurvived,high,male,young,Nooffspring,poor
Survived,low,female,young,offspring,rich
Survived,low,female,young,offspring,rich
notSurvived,high,male,young,Nooffspring,poor
Survived,low,male,young,Nooffspring,midclass
notSurvived,high,male,young,Nooffspring,poor
Survived,low,male,young,Nooffspring,midclass
Survived,low,male,young,Nooffspring,superrich
notSurvived,mid,male,young,Nooffspring,poor
notSurvived,high,male,young,Nooffspring,poor
notSurvived,high,male,young,Nooffspring,poor
Survived,mid,male,young,Nooffspring,poor
Survived,mid,female,young,Nooffspring,midclass
notSurvived,mid,male,young,offspring,midclass
notSurvived,high,male,young,Nooffspring,poor
notSurvived,mid,male,young,offspring,midclass
Survived,mid,female,young,offspring,midclass
Survived,low,male,young,Nooffspring,midclass
notSurvived,high,male,young,Nooffspring,poor
notSurvived,mid,male,young,offspring,midclass
Survived,mid,female,young,Nooffspring,poor
Survived,mid,female,young,Nooffspring,poor
notSurvived,high,male,young,offspring,poor
notSurvived,mid,male,young,Nooffspring,poor
notSurvived,high,male,young,Nooffspring,poor
notSurvived,mid,male,young,Nooffspring,poor
Survived,high,female,young,offspring,poor
notSurvived,high,male,young,Nooffspring,poor
notSurvived,high,male,young,Nooffspring,poor
notSurvived,mid,male,young,Nooffspring,poor
notSurvived,high,male,young,Nooffspring,poor
Survived,low,female,young,offspring,rich
Survived,mid,female,young,offspring,midclass
Survived,mid,female,young,Nooffspring,midclass
notSurvived,high,male,young,offspring,midclass
notSurvived,high,male,young,Nooffspring,poor
notSurvived,high,male,young,Nooffspring,poor
Survived,low,female,young,Nooffspring,rich
Survived,low,female,young,offspring,rich
notSurvived,low,male,young,Nooffspring,poor
notSurvived,high,male,young,Nooffspring,poor
notSurvived,mid,male,young,offspring,midclass
Survived,mid,female,young,Nooffspring,poor
notSurvived,mid,male,young,Nooffspring,poor
Survived,high,male,young,Nooffspring,rich
Survived,mid,female,young,Nooffspring,poor
notSurvived,high,male,young,offspring,poor
Survived,low,female,young,Nooffspring,rich
notSurvived,high,male,young,Nooffspring,poor
Survived,high,male,young,Nooffspring,poor
notSurvived,high,male,young,Nooffspring,poor
Survived,mid,male,young,offspring,midclass
Survived,high,male,young,Nooffspring,poor
Survived,high,male,young,Nooffspring,poor
Survived,low,male,young,Nooffspring,midclass
notSurvived,high,male,young,Nooffspring,poor
notSurvived,high,female,young,offspring,poor
notSurvived,mid,male,young,offspring,rich
notSurvived,high,male,young,Nooffspring,poor
Survived,high,male,young,Nooffspring,rich
notSurvived,high,male,young,Nooffspring,poor
notSurvived,high,female,young,offspring,poor
Survived,low,female,young,offspring,superrich
Survived,low,female,young,Nooffspring,superrich
Survived,high,female,young,offspring,midclass
notSurvived,high,female,young,Nooffspring,poor
notSurvived,mid,male,young,Nooffspring,poor
notSurvived,mid,male,young,offspring,midclass
notSurvived,low,male,young,offspring,rich
Survived,mid,male,young,Nooffspring,poor
Survived,low,male,young,offspring,rich
Survived,high,male,young,Nooffspring,poor
notSurvived,high,male,young,Nooffspring,poor
Survived,high,female,young,Nooffspring,poor
Survived,mid,female,young,offspring,midclass
notSurvived,high,male,young,Nooffspring,poor
notSurvived,mid,male,young,offspring,midclass
notSurvived,low,male,young,Nooffspring,rich
notSurvived,high,female,young,Nooffspring,poor
notSurvived,high,male,young,Nooffspring,poor
Survived,high,female,young,Nooffspring,poor
notSurvived,high,male,young,Nooffspring,poor
notSurvived,mid,male,young,Nooffspring,poor
notSurvived,mid,male,young,Nooffspring,poor
notSurvived,mid,male,young,Nooffspring,poor
notSurvived,high,male,young,Nooffspring,poor
notSurvived,high,male,young,offspring,poor
Survived,low,female,young,Nooffspring,rich
Survived,high,male,young,Nooffspring,poor
notSurvived,mid,male,young,offspring,midclass
Survived,low,female,young,Nooffspring,rich
Survived,mid,female,young,Nooffspring,poor
notSurvived,high,male,young,Nooffspring,poor
notSurvived,mid,male,young,Nooffspring,poor
notSurvived,low,male,young,Nooffspring,midclass
notSurvived,high,male,young,Nooffspring,poor
Survived,low,female,young,Nooffspring,rich
notSurvived,high,female,young,Nooffspring,poor
Survived,low,female,young,Nooffspring,superrich
notSurvived,high,male,young,Nooffspring,poor
Survived,mid,female,young,offspring,midclass
Survived,mid,female,young,Nooffspring,poor
notSurvived,high,male,young,Nooffspring,poor
notSurvived,high,female,young,offspring,midclass
Survived,low,female,young,Nooffspring,midclass
Survived,mid,female,young,offspring,midclass
Survived,mid,female,young,Nooffspring,poor
Survived,high,male,young,Nooffspring,poor
notSurvived,high,male,young,Nooffspring,poor
notSurvived,mid,male,young,offspring,midclass
Survived,mid,female,young,offspring,midclass
notSurvived,high,male,young,Nooffspring,poor
notSurvived,mid,male,young,Nooffspring,poor
notSurvived,high,female,young,offspring,poor
Survived,high,female,young,Nooffspring,poor
notSurvived,low,male,young,offspring,rich
notSurvived,mid,male,young,offspring,midclass
notSurvived,high,male,young,Nooffspring,poor
Survived,high,male,young,Nooffspring,poor
notSurvived,high,male,young,offspring,poor
Survived,high,male,young,Nooffspring,poor
notSurvived,high,female,young,Nooffspring,midclass
notSurvived,high,male,young,Nooffspring,poor
Survived,low,female,young,Nooffspring,superrich
notSurvived,low,male,young,Nooffspring,midclass
notSurvived,high,male,young,Nooffspring,poor
notSurvived,high,male,young,Nooffspring,poor
Survived,low,male,young,Nooffspring,midclass
notSurvived,low,male,young,offspring,rich
notSurvived,low,male,young,Nooffspring,midclass
notSurvived,high,female,young,Nooffspring,poor
notSurvived,high,male,young,Nooffspring,poor
notSurvived,high,male,young,Nooffspring,rich
notSurvived,high,male,young,Nooffspring,poor
notSurvived,high,male,young,Nooffspring,poor
notSurvived,high,male,young,Nooffspring,poor
notSurvived,mid,male,young,Nooffspring,poor
notSurvived,high,male,young,Nooffspring,poor
notSurvived,high,male,young,offspring,poor
Survived,mid,female,young,Nooffspring,poor
notSurvived,high,male,young,offspring,poor
notSurvived,high,female,young,offspring,poor
Survived,mid,female,young,offspring,midclass
Survived,low,male,young,Nooffspring,midclass
Survived,mid,female,young,Nooffspring,poor
notSurvived,high,male,young,Nooffspring,midclass
notSurvived,mid,male,young,Nooffspring,poor
Survived,mid,female,young,Nooffspring,poor
notSurvived,high,male,young,Nooffspring,poor
notSurvived,mid,male,young,Nooffspring,midclass
Survived,mid,female,young,offspring,midclass
notSurvived,mid,male,young,Nooffspring,poor
Survived,high,female,young,Nooffspring,poor
notSurvived,mid,female,young,offspring,midclass
Survived,high,male,young,Nooffspring,poor
Survived,high,female,young,Nooffspring,poor
notSurvived,mid,male,young,Nooffspring,poor
notSurvived,high,male,young,Nooffspring,poor
notSurvived,low,male,young,Nooffspring,superrich
notSurvived,mid,male,young,Nooffspring,midclass
Survived,low,male,young,Nooffspring,midclass
notSurvived,high,male,young,offspring,poor
Survived,low,male,young,Nooffspring,rich
Survived,mid,female,young,Nooffspring,poor
Survived,low,male,young,offspring,rich
Survived,high,male,young,Nooffspring,poor
Survived,high,male,young,Nooffspring,poor
Survived,high,female,young,Nooffspring,poor
Survived,mid,female,young,offspring,poor
notSurvived,mid,male,young,Nooffspring,poor
Survived,high,female,young,Nooffspring,poor
notSurvived,high,male,young,offspring,poor
notSurvived,high,male,young,offspring,poor
notSurvived,high,male,young,offspring,midclass
notSurvived,high,male,young,Nooffspring,poor
Survived,high,male,young,Nooffspring,poor
Survived,low,female,young,Nooffspring,rich
notSurvived,mid,female,young,offspring,midclass
Survived,high,female,young,Nooffspring,poor
notSurvived,high,male,young,Nooffspring,poor
Survived,high,male,young,Nooffspring,rich
notSurvived,high,female,young,offspring,poor
notSurvived,mid,male,young,Nooffspring,poor
notSurvived,high,male,young,Nooffspring,poor
notSurvived,high,male,young,offspring,poor
notSurvived,high,male,young,Nooffspring,poor
notSurvived,high,male,young,Nooffspring,poor
Survived,low,male,young,Nooffspring,midclass
notSurvived,high,male,young,Nooffspring,poor
notSurvived,mid,male,young,Nooffspring,poor
notSurvived,high,female,young,Nooffspring,poor
Survived,high,male,young,offspring,poor
Survived,high,male,young,Nooffspring,poor
notSurvived,mid,male,young,Nooffspring,poor
notSurvived,high,male,young,offspring,poor
Survived,low,male,young,offspring,rich
notSurvived,high,male,young,offspring,poor
Survived,low,male,young,offspring,rich
notSurvived,low,female,young,offspring,superrich
Survived,mid,female,young,offspring,midclass
notSurvived,mid,male,young,Nooffspring,poor
notSurvived,mid,male,young,offspring,midclass
notSurvived,high,male,young,Nooffspring,poor
notSurvived,high,male,young,Nooffspring,poor
notSurvived,mid,male,young,offspring,midclass
notSurvived,high,female,young,offspring,poor
notSurvived,high,male,young,Nooffspring,poor
notSurvived,high,male,young,Nooffspring,poor
notSurvived,high,male,young,Nooffspring,poor
Survived,mid,female,young,Nooffspring,midclass
notSurvived,high,male,young,Nooffspring,poor
notSurvived,high,male,young,Nooffspring,poor
notSurvived,high,male,young,Nooffspring,poor
notSurvived,low,male,young,Nooffspring,superrich
Survived,high,male,young,Nooffspring,poor
notSurvived,low,male,young,Nooffspring,rich
Survived,high,female,young,offspring,poor
notSurvived,mid,female,young,Nooffspring,poor
notSurvived,high,male,young,Nooffspring,poor
notSurvived,mid,male,young,Nooffspring,poor
Survived,mid,female,young,Nooffspring,poor
notSurvived,high,female,young,Nooffspring,poor
notSurvived,high,male,young,Nooffspring,poor
Survived,low,female,young,Nooffspring,rich
Survived,mid,female,young,offspring,midclass
Survived,low,female,young,offspring,superrich
Survived,mid,female,young,Nooffspring,poor
Survived,low,female,young,Nooffspring,rich
Survived,high,female,young,Nooffspring,poor
Survived,mid,female,young,offspring,poor
notSurvived,high,male,young,Nooffspring,poor
notSurvived,high,male,young,Nooffspring,poor
notSurvived,high,male,young,offspring,midclass
Survived,mid,female,young,offspring,midclass
Survived,mid,female,young,offspring,rich
Survived,low,female,young,Nooffspring,rich
notSurvived,mid,male,young,offspring,rich
Survived,low,female,young,Nooffspring,midclass
notSurvived,high,male,young,offspring,poor
notSurvived,high,male,young,Nooffspring,poor
Survived,high,female,young,Nooffspring,poor
notSurvived,mid,male,young,Nooffspring,poor
notSurvived,high,male,young,Nooffspring,poor
Survived,low,female,young,offspring,superrich
Survived,low,male,young,Nooffspring,rich
notSurvived,mid,male,young,Nooffspring,poor
notSurvived,high,male,young,Nooffspring,poor
Survived,low,female,young,offspring,superrich
notSurvived,mid,male,young,Nooffspring,poor
Survived,mid,female,young,Nooffspring,poor
notSurvived,mid,male,young,offspring,poor
Survived,high,female,young,Nooffspring,poor
notSurvived,mid,male,young,Nooffspring,poor
notSurvived,mid,male,young,Nooffspring,poor
notSurvived,mid,male,young,Nooffspring,poor
notSurvived,high,male,young,Nooffspring,poor
notSurvived,high,female,young,Nooffspring,poor
notSurvived,high,male,young,Nooffspring,poor
notSurvived,high,male,young,offspring,poor
notSurvived,high,male,young,Nooffspring,poor
notSurvived,high,male,young,Nooffspring,poor
notSurvived,high,male,young,Nooffspring,poor
Survived,high,female,young,Nooffspring,poor
Survived,low,female,young,offspring,rich
notSurvived,high,male,young,Nooffspring,poor
notSurvived,high,male,young,Nooffspring,poor
notSurvived,high,male,young,Nooffspring,poor
notSurvived,high,male,young,Nooffspring,poor
Survived,high,female,young,Nooffspring,poor
notSurvived,high,male,young,Nooffspring,poor
Survived,mid,female,young,offspring,midclass
Survived,low,female,young,Nooffspring,rich
notSurvived,low,male,young,Nooffspring,superrich
Survived,high,female,young,Nooffspring,poor
notSurvived,high,male,young,Nooffspring,poor
notSurvived,high,female,young,Nooffspring,poor
notSurvived,high,male,young,Nooffspring,poor
notSurvived,high,male,young,Nooffspring,poor
Survived,low,female,young,Nooffspring,midclass
Survived,high,male,young,Nooffspring,poor
Survived,high,female,young,Nooffspring,poor
notSurvived,high,male,young,Nooffspring,poor
Survived,mid,female,young,offspring,midclass
Survived,low,female,young,Nooffspring,superrich
notSurvived,high,female,young,Nooffspring,poor
notSurvived,high,male,young,Nooffspring,poor
notSurvived,high,male,young,Nooffspring,poor
Survived,mid,female,young,Nooffspring,poor
notSurvived,mid,male,young,Nooffspring,rich
notSurvived,low,male,young,Nooffspring,rich
Survived,high,female,young,Nooffspring,poor
notSurvived,high,male,young,Nooffspring,poor
notSurvived,mid,male,young,offspring,rich
notSurvived,high,male,young,Nooffspring,poor
Survived,high,male,young,Nooffspring,poor
notSurvived,high,female,young,offspring,poor
notSurvived,high,male,young,Nooffspring,poor
notSurvived,high,male,young,Nooffspring,poor
notSurvived,high,female,young,offspring,midclass
notSurvived,high,male,young,Nooffspring,poor
notSurvived,high,male,young,Nooffspring,poor
notSurvived,high,female,young,Nooffspring,poor
notSurvived,high,male,young,Nooffspring,poor
notSurvived,high,male,young,Nooffspring,poor
Survived,low,female,young,Nooffspring,rich
notSurvived,high,male,young,Nooffspring,poor
Survived,low,female,young,offspring,superrich
notSurvived,high,male,young,Nooffspring,poor
notSurvived,mid,male,young,offspring,poor
notSurvived,high,male,young,Nooffspring,poor
notSurvived,high,male,teenager,Nooffspring,poor
notSurvived,high,male,teenager,Nooffspring,poor
notSurvived,high,female,teenager,offspring,poor
notSurvived,high,male,teenager,Nooffspring,poor
notSurvived,high,male,teenager,Nooffspring,poor
notSurvived,high,female,teenager,Nooffspring,poor
notSurvived,high,male,teenager,Nooffspring,poor
Survived,high,male,teenager,offspring,poor
notSurvived,high,male,teenager,Nooffspring,poor
Survived,high,male,teenager,offspring,poor
notSurvived,high,male,teenager,Nooffspring,poor
notSurvived,high,male,teenager,Nooffspring,poor
Survived,high,male,teenager,Nooffspring,poor
notSurvived,high,male,teenager,Nooffspring,poor
notSurvived,high,male,teenager,Nooffspring,poor
notSurvived,low,male,teenager,offspring,superrich
Survived,high,female,teenager,Nooffspring,poor
notSurvived,high,male,teenager,Nooffspring,poor
Survived,low,female,teenager,Nooffspring,midclass
notSurvived,high,male,teenager,Nooffspring,poor
notSurvived,mid,male,teenager,offspring,midclass
notSurvived,mid,male,teenager,Nooffspring,poor
Survived,high,female,teenager,offspring,poor
Survived,mid,male,teenager,Nooffspring,poor
notSurvived,mid,male,teenager,Nooffspring,poor
Survived,high,male,teenager,Nooffspring,poor
Survived,low,female,teenager,offspring,rich
notSurvived,high,male,teenager,Nooffspring,poor
notSurvived,high,male,teenager,Nooffspring,poor
notSurvived,high,male,teenager,Nooffspring,poor
Survived,mid,female,teenager,Nooffspring,midclass
Survived,mid,female,teenager,offspring,midclass
notSurvived,high,male,teenager,Nooffspring,poor
notSurvived,high,male,teenager,Nooffspring,poor
notSurvived,high,male,teenager,Nooffspring,poor
notSurvived,high,male,teenager,Nooffspring,poor
notSurvived,high,male,teenager,Nooffspring,poor
notSurvived,low,male,teenager,offspring,rich
notSurvived,high,male,teenager,Nooffspring,poor
Survived,low,female,teenager,Nooffspring,midclass
notSurvived,high,female,teenager,offspring,poor
notSurvived,high,female,teenager,offspring,poor
notSurvived,mid,male,teenager,Nooffspring,poor
notSurvived,high,male,teenager,offspring,poor
Survived,high,male,teenager,Nooffspring,poor
notSurvived,mid,male,teenager,Nooffspring,poor
Survived,low,female,teenager,offspring,superrich
notSurvived,high,male,teenager,offspring,poor
notSurvived,mid,male,teenager,Nooffspring,rich
Survived,mid,female,teenager,Nooffspring,poor
notSurvived,high,male,teenager,offspring,midclass
notSurvived,low,male,teenager,offspring,superrich
Survived,low,female,teenager,Nooffspring,rich
Survived,mid,female,teenager,Nooffspring,midclass
notSurvived,high,female,teenager,Nooffspring,poor
notSurvived,high,male,teenager,Nooffspring,poor
Survived,high,female,teenager,Nooffspring,poor
notSurvived,high,male,teenager,Nooffspring,poor
Survived,low,female,teenager,offspring,superrich
notSurvived,high,female,teenager,Nooffspring,poor
notSurvived,mid,male,teenager,Nooffspring,poor
notSurvived,high,male,teenager,Nooffspring,poor
Survived,high,female,teenager,Nooffspring,poor
notSurvived,high,female,teenager,Nooffspring,poor
notSurvived,high,male,teenager,Nooffspring,poor
Survived,high,female,teenager,Nooffspring,poor
Survived,high,female,teenager,offspring,poor
Survived,mid,female,teenager,Nooffspring,poor
notSurvived,high,female,teenager,Nooffspring,poor
notSurvived,high,male,teenager,Nooffspring,poor
Survived,low,female,teenager,offspring,superrich
Survived,mid,female,teenager,Nooffspring,poor
notSurvived,high,male,teenager,Nooffspring,poor
notSurvived,high,male,teenager,Nooffspring,poor
notSurvived,high,male,teenager,offspring,poor
Survived,low,male,teenager,Nooffspring,superrich
notSurvived,high,male,teenager,offspring,poor
Survived,low,female,teenager,offspring,rich
notSurvived,high,male,teenager,Nooffspring,poor
notSurvived,high,female,teenager,offspring,midclass
notSurvived,high,male,teenager,offspring,midclass
notSurvived,high,male,teenager,Nooffspring,poor
Survived,high,female,teenager,Nooffspring,poor
Survived,high,female,teenager,Nooffspring,poor
Survived,high,male,teenager,Nooffspring,poor
notSurvived,high,male,teenager,offspring,midclass
notSurvived,high,male,teenager,Nooffspring,poor
Survived,low,female,teenager,Nooffspring,rich
notSurvived,high,male,teenager,offspring,poor
Survived,low,female,teenager,Nooffspring,rich
notSurvived,high,male,teenager,Nooffspring,poor
notSurvived,high,male,teenager,offspring,midclass
notSurvived,high,male,teenager,Nooffspring,poor
notSurvived,mid,male,teenager,Nooffspring,midclass
notSurvived,mid,male,teenager,Nooffspring,poor
Survived,low,female,teenager,Nooffspring,midclass
Survived,high,female,teenager,Nooffspring,poor
notSurvived,high,male,teenager,offspring,poor
Survived,low,female,teenager,Nooffspring,superrich
Survived,high,female,teenager,offspring,poor
Survived,high,female,teenager,Nooffspring,poor
notSurvived,high,female,teenager,offspring,poor
Survived,mid,female,teenager,offspring,midclass
notSurvived,high,female,teenager,Nooffspring,poor
Survived,high,female,teenager,offspring,poor
Survived,low,female,teenager,offspring,superrich
notSurvived,high,male,teenager,offspring,midclass
notSurvived,high,male,teenager,offspring,midclass
Survived,mid,female,teenager,Nooffspring,poor
Survived,high,female,teenager,Nooffspring,poor
Survived,high,male,teenager,offspring,poor
notSurvived,high,male,teenager,offspring,midclass
notSurvived,high,female,teenager,offspring,midclass
notSurvived,high,male,teenager,Nooffspring,poor
Survived,low,male,teenager,offspring,superrich
notSurvived,high,female,kid,Nooffspring,midclass
notSurvived,high,male,kid,offspring,midclass
notSurvived,high,female,kid,offspring,midclass
Survived,high,male,kid,Nooffspring,midclass
notSurvived,high,male,kid,offspring,midclass
notSurvived,high,male,kid,offspring,midclass
Survived,high,male,kid,offspring,poor
notSurvived,high,female,kid,offspring,midclass
notSurvived,high,female,kid,offspring,midclass
notSurvived,high,female,kid,offspring,poor
notSurvived,high,female,kid,offspring,midclass
Survived,mid,female,kid,Nooffspring,midclass
Survived,mid,male,kid,offspring,midclass
notSurvived,high,male,kid,offspring,midclass
notSurvived,high,male,kid,offspring,midclass
notSurvived,high,male,kid,offspring,midclass
Survived,mid,female,kid,Nooffspring,midclass
Survived,mid,female,kid,Nooffspring,midclass
Survived,high,male,kid,Nooffspring,poor
notSurvived,high,female,kid,offspring,midclass
Survived,mid,female,kid,offspring,midclass
Survived,high,female,kid,offspring,midclass
Survived,high,female,kid,offspring,poor
Survived,high,female,kid,Nooffspring,poor
Survived,high,female,kid,offspring,poor
notSurvived,high,male,kid,offspring,midclass
notSurvived,high,male,kid,offspring,midclass
Survived,high,female,kid,Nooffspring,midclass
Survived,low,male,kid,Nooffspring,rich
Survived,mid,female,kid,offspring,midclass
Survived,high,female,kid,Nooffspring,poor
Survived,mid,female,kid,offspring,midclass
notSurvived,high,male,kid,offspring,midclass
Survived,high,male,kid,offspring,poor
Survived,mid,female,kid,offspring,midclass
Survived,mid,male,kid,offspring,midclass
Survived,high,male,kid,offspring,midclass
Survived,high,male,kid,offspring,poor
notSurvived,high,female,kid,offspring,midclass
Survived,mid,male,kid,offspring,poor
notSurvived,high,male,kid,offspring,midclass
notSurvived,high,male,kid,offspring,midclass
notSurvived,high,female,kid,offspring,midclass
notSurvived,high,female,kid,Nooffspring,poor
notSurvived,low,female,kid,offspring,superrich
Survived,mid,male,kid,offspring,midclass
Survived,high,female,kid,Nooffspring,poor
Survived,mid,female,kid,offspring,midclass
notSurvived,high,female,kid,offspring,midclass
notSurvived,high,male,kid,offspring,midclass
notSurvived,high,male,kid,offspring,midclass
Survived,high,female,kid,offspring,poor
Survived,mid,male,kid,offspring,midclass
Survived,high,female,kid,Nooffspring,poor
notSurvived,high,male,kid,offspring,midclass
Survived,high,male,kid,offspring,midclass
Survived,mid,male,kid,Nooffspring,midclass
Survived,low,male,kid,offspring,superrich
Survived,mid,male,kid,Nooffspring,midclass
Survived,mid,male,kid,offspring,poor
Survived,high,female,kid,offspring,poor
Survived,high,female,kid,offspring,poor
Survived,mid,male,kid,offspring,poor
Survived,high,male,kid,Nooffspring,poor
